Target Website,URL,DA,Type,Contact Name,Contact Email,Status,Outreach Date,Response Date,Link Secured,Notes
road.cc,https://road.cc,72,Guest Post,pitches@road.cc,outreach@bikeclinique.co.uk,PITCHED,2026-04-15,,,,,"Pitch: 10 UK bike servicing myths article"
Cycling Industry News,https://cyclingindustry.news,55,Guest Post,news@cyclingindustry.news,outreach@bikeclinique.co.uk,PITCHED,2026-04-15,,,,,"Industry news + expert commentary angle"
BikeRadar UK,https://bikeradar.com,68,Guest Post,uk@bikeradar.com,outreach@bikeclinique.co.uk,PITCHED,2026-04-22,,,,,"Custom gravel bike build guide pitch"
CyclingTips,https://cyclingtips.com,65,Guest Post,tips@cyclingtips.com,outreach@bikeclinique.co.uk,PITCHED,2026-04-22,,,,,"Groupset upgrade technical guide"
Cyclist Magazine,https://cyclistmag.co.uk,54,Expert Quote,editorial@cyclistmag.co.uk,outreach@bikeclinique.co.uk,PITCHED,2026-04-29,,,,,"Quote for gravel bike feature"
BikeBiz,https://bikebiz.com,58,News Tip,news@bikebiz.com,outreach@bikeclinique.co.uk,PITCHED,2026-04-29,,,,,"Industry news mention"
Yell.com,https://yell.com,82,Local Citation,support@yell.com,,PITCHED,2026-04-08,,,,,"Bike repair category listing"
Thomson Local,https://thomsonlocal.com,52,Local Citation,support@thomsonlocal.com,,PITCHED,2026-04-08,,,,,"London bike shop category"
British Cycling,https://britishcycling.org.uk,76,Local Citation,info@britishcycling.org.uk,,PITCHED,2026-05-01,,,,,"Club finder / recommended shops"
Cycling UK,https://cyclinguk.org,70,Forum + Citation,forum@cyclinguk.org,,PITCHED,2026-05-01,,,,,"Forum engagement + directory listing"
Singletrack World,https://singletrackworld.com,63,Forum,forum@singletrackworld.com,,PITCHED,2026-05-08,,,,,"Vendor section + forum engagement"
r/ukbike (Reddit),https://reddit.com/r/ukbike,NA,Forum,Community,,PITCHED,2026-04-10,,,,,"Answer questions, mention BC naturally"
r/londoncycling (Reddit),https://reddit.com/r/londoncycling,NA,Forum,Community,,PITCHED,2026-04-10,,,,,"Helpful presence, local shop recommendation"
r/gravelcycling (Reddit),https://reddit.com/r/gravelcycling,NA,Forum,Community,,PITCHED,2026-04-17,,,,,"Expert answers on custom builds"
r/bikewrench (Reddit),https://reddit.com/r/bikewrench,NA,Forum,Community,,PITCHED,2026-04-17,,,,,"Technical help, link to blog where relevant"
South West London Cyclists,Facebook Group,NA,Facebook Group,Community,,PITCHED,2026-05-01,,,,,"Local cycling group, helpful presence"
Clapham Blog,https://clapham.org,28,Local Blog,editor@clapham.org,,PITCHED,2026-05-08,,,,,"Local blog, business spotlight"
Brixton Blog,https://brixtonblog.com,32,Local Blog,hello@brixtonblog.com,,PITCHED,2026-05-08,,,,,"Community blog, local business feature"
Wandsworth Council,https://wandsworth.gov.uk,60,Local Authority,press@wandsworth.gov.uk,,PITCHED,2026-05-15,,,,,"Local council, cycling initiative"
road.cc Resource Page,https://road.cc/resources,65,Resource Page,,,NOT_STARTED,,,,,"If they have a useful resources page"
Cycling UK Resource Page,https://cyclinguk.org/resources,68,Resource Page,,,NOT_STARTED,,,,,"Cycle maintenance resources"
UK Cycling Routes,https://cyclinguk.org/cycle-routes,65,Resource Page,,,NOT_STARTED,,,,,"Local cycling routes resource"
Bike Shop Lists (Various),https://docs.google.com/spreadsheets/d/xxx,NA,Broken Link Outreach,,,NOT_STARTED,,,,,"Find lists of bike shops with dead links, offer BC as update"
